time,magnitude,longitude,latitude,depth(m),sigma_time,sigma_amp,cov_time_amp,gamma_score,event_index,event_id
2021-05-16T00:53:06.802,0.934,-161.484,55.004,29345.871,0.261,0.28,0.021,7.0,2,20210516T000000_2
2021-05-16T00:53:18.974,1.973,-161.214,54.903,54255.908,0.362,0.27,0.004,6.489,3,20210516T000000_3
2021-05-16T01:06:36.748,0.608,-161.859,55.026,0.0,0.391,0.234,0.039,6.0,4,20210516T000000_4
2021-05-16T01:09:06.530,0.899,-162.115,55.173,0.0,0.33,0.346,-0.03,6.298,5,20210516T000000_5
2021-05-16T01:33:38.941,1.523,-161.458,55.122,53769.156,0.509,0.31,0.003,8.0,6,20210516T000000_6
2021-05-16T02:20:02.940,0.384,-162.008,55.164,16203.386,0.006,0.222,0.0,5.0,7,20210516T000000_7
2021-05-16T02:27:53.458,0.223,-161.446,55.394,1909.269,0.418,0.307,0.076,5.0,8,20210516T000000_8
2021-05-16T04:52:24.716,0.677,-161.288,55.438,2530.634,0.036,0.359,0.008,4.0,9,20210516T000000_9
2021-05-16T07:19:34.832,1.111,-161.008,54.902,3092.67,0.17,0.431,-0.026,5.0,10,20210516T000000_10
2021-05-16T08:16:24.197,0.622,-162.08,55.195,0.0,0.374,0.228,-0.056,4.0,1,20210516T080000_1
2021-05-16T08:26:13.340,1.512,-161.777,55.265,61000.0,0.138,0.047,0.016,4.191,3,20210516T080000_3
2021-05-16T08:26:15.102,0.663,-162.233,55.484,45069.803,0.352,0.427,-0.034,4.809,2,20210516T080000_2
2021-05-16T08:39:50.494,1.291,-161.21,54.903,61000.0,0.508,0.383,-0.104,6.926,4,20210516T080000_4
2021-05-16T13:25:13.250,0.242,-161.564,55.286,28082.966,0.068,0.417,0.011,5.0,5,20210516T080000_5
2021-05-16T13:30:07.766,0.558,-162.254,54.993,0.0,0.48,0.588,-0.044,7.763,6,20210516T080000_6
2021-05-16T13:53:42.487,0.818,-162.114,55.35,33773.786,0.567,0.282,-0.045,6.319,7,20210516T080000_7
2021-05-16T14:13:06.903,0.884,-161.846,55.316,45081.905,0.341,0.377,-0.044,7.312,8,20210516T080000_8
2021-05-16T14:18:31.956,1.413,-162.773,54.902,61000.0,1.142,0.174,-0.037,10.0,9,20210516T080000_9
2021-05-16T14:21:21.560,1.322,-161.238,54.903,57344.202,0.283,0.322,0.026,7.0,10,20210516T080000_10
2021-05-16T14:21:35.695,1.241,-161.337,54.904,35622.116,0.222,0.233,-0.003,6.0,11,20210516T080000_11
2021-05-16T15:47:55.978,1.918,-161.309,54.904,61000.0,0.534,0.131,0.02,10.975,12,20210516T080000_12
2021-05-16T15:48:11.085,2.052,-161.839,54.99,61000.0,0.7,0.121,-0.037,5.896,13,20210516T080000_13
2021-05-16T16:14:24.541,1.788,-162.796,55.918,61000.0,0.335,0.291,0.041,5.02,1,20210516T160000_1
2021-05-16T16:14:45.884,0.84,-161.779,55.184,14459.33,0.0,0.298,-0.0,3.98,2,20210516T160000_2
2021-05-16T16:16:55.022,1.415,-162.773,54.902,61000.0,0.95,0.088,0.022,6.024,3,20210516T160000_3
2021-05-16T17:39:54.974,0.835,-161.658,55.05,37576.196,0.0,0.27,0.0,4.0,4,20210516T160000_4
2021-05-16T18:12:15.436,0.06,-162.352,54.994,134.691,0.211,0.562,-0.015,5.0,5,20210516T160000_5
2021-05-16T18:12:19.244,0.949,-162.633,54.903,8314.362,0.476,0.354,-0.073,6.0,6,20210516T160000_6
2021-05-16T18:17:58.839,0.858,-161.25,54.99,20715.602,0.0,0.284,-0.0,4.0,7,20210516T160000_7
2021-05-16T18:18:12.773,0.998,-161.322,55.055,21525.826,0.0,0.225,-0.0,4.0,8,20210516T160000_8
2021-05-16T18:54:44.458,1.396,-161.145,54.903,43622.048,0.211,0.217,-0.008,7.0,9,20210516T160000_9
2021-05-16T18:54:55.660,1.288,-161.245,54.903,46616.538,0.558,0.263,0.007,6.0,10,20210516T160000_10
2021-05-16T20:19:14.627,0.987,-162.067,55.346,34907.829,0.652,0.289,-0.099,10.0,11,20210516T160000_11
2021-05-16T21:36:25.875,2.116,-161.008,54.906,61000.0,0.328,0.158,0.01,11.0,12,20210516T160000_12
2021-05-16T21:36:34.400,2.432,-161.008,54.905,55425.279,0.765,0.249,-0.021,11.0,13,20210516T160000_13
2021-05-16T21:59:23.755,0.683,-161.355,55.345,25529.887,0.298,0.425,0.042,9.0,14,20210516T160000_14
2021-05-16T22:14:27.005,1.17,-161.915,55.071,42831.523,0.204,0.231,-0.017,4.883,15,20210516T160000_15
2021-05-16T22:26:45.199,0.678,-162.248,55.161,29065.542,0.384,0.354,-0.179,7.0,16,20210516T160000_16
2021-05-16T23:43:20.116,2.072,-162.773,54.902,61000.0,1.211,0.342,-0.122,20.0,17,20210516T160000_17
2021-05-17T00:24:52.901,1.548,-162.783,55.388,61000.0,0.586,0.104,0.027,5.0,1,20210517T000000_1
2021-05-17T00:38:22.078,1.109,-161.56,55.317,49309.292,0.069,0.243,0.001,6.818,2,20210517T000000_2
2021-05-17T00:47:32.746,1.011,-162.1,55.259,45164.801,0.321,0.22,-0.0,5.984,3,20210517T000000_3
2021-05-17T00:47:46.996,1.021,-162.513,55.332,0.0,0.086,0.219,-0.0,3.661,4,20210517T000000_4
2021-05-17T00:52:30.977,1.044,-162.239,54.904,0.0,0.694,0.401,0.024,9.956,5,20210517T000000_5
2021-05-17T03:27:37.169,0.558,-162.235,55.083,0.0,0.737,0.283,-0.123,4.0,6,20210517T000000_6
2021-05-17T04:38:12.447,1.414,-162.773,54.902,61000.0,0.933,0.29,-0.148,16.0,7,20210517T000000_7
2021-05-17T05:09:58.236,0.801,-160.995,55.471,2102.552,0.115,0.29,-0.004,4.0,8,20210517T000000_8
2021-05-17T05:41:44.157,0.992,-161.623,55.199,33970.256,0.733,0.22,-0.045,8.0,9,20210517T000000_9
2021-05-17T06:02:14.782,1.534,-161.066,54.902,46868.219,0.203,0.17,-0.005,8.0,10,20210517T000000_10
2021-05-17T06:02:23.725,1.543,-161.077,54.902,50438.04,0.6,0.298,0.058,10.0,11,20210517T000000_11
2021-05-17T08:16:27.542,1.105,-161.985,55.264,43892.413,0.56,0.351,0.001,9.77,1,20210517T080000_1
2021-05-17T08:24:27.320,1.397,-161.612,54.905,61000.0,1.097,0.087,0.007,8.0,2,20210517T080000_2
2021-05-17T09:02:03.461,1.309,-162.122,54.905,61000.0,0.761,0.205,-0.025,7.665,3,20210517T080000_3
2021-05-17T09:36:42.526,0.076,-162.081,55.27,0.0,0.27,0.358,-0.003,7.0,4,20210517T080000_4
2021-05-17T10:19:12.163,2.313,-162.05,54.905,40052.677,0.767,0.493,-0.184,17.845,5,20210517T080000_5
2021-05-17T10:19:18.467,1.894,-161.661,54.905,0.0,0.583,0.4,0.108,4.155,6,20210517T080000_6
2021-05-17T10:36:45.325,1.291,-161.317,54.904,55959.212,0.415,0.22,-0.032,6.68,7,20210517T080000_7
2021-05-17T12:51:45.341,1.31,-161.008,54.902,61000.0,0.842,0.343,0.021,14.989,8,20210517T080000_8
2021-05-17T13:21:06.904,1.754,-161.351,54.904,46999.9,0.401,0.156,0.025,11.0,9,20210517T080000_9
2021-05-17T13:21:18.173,1.931,-161.411,54.904,44942.11,0.619,0.208,0.018,11.0,10,20210517T080000_10
2021-05-17T13:22:04.352,1.098,-162.673,54.902,11817.019,0.267,0.264,-0.01,6.0,11,20210517T080000_11
2021-05-17T13:22:10.737,1.626,-162.775,55.004,41042.8,0.554,0.195,-0.043,5.0,12,20210517T080000_12
2021-05-17T13:34:28.739,0.835,-161.294,54.903,31742.276,0.318,0.294,-0.009,4.95,13,20210517T080000_13
2021-05-17T14:22:23.185,0.921,-162.773,54.902,9752.766,0.548,0.261,0.327,4.974,14,20210517T080000_14
2021-05-17T16:10:54.102,1.542,-161.283,54.903,43327.171,0.356,0.151,0.013,9.491,1,20210517T160000_1
2021-05-17T16:10:59.861,1.701,-162.697,55.738,61000.0,0.366,0.278,-0.012,6.657,2,20210517T160000_2
2021-05-17T16:11:17.604,1.061,-161.807,55.224,33426.298,0.034,0.297,0.001,3.622,3,20210517T160000_3
2021-05-17T16:22:47.015,0.668,-161.93,55.031,0.0,0.261,0.391,-0.02,5.0,4,20210517T160000_4
2021-05-17T16:53:22.108,1.133,-162.558,54.903,61000.0,0.433,0.13,-0.0,8.0,5,20210517T160000_5
2021-05-17T16:59:37.242,1.526,-161.287,54.903,46821.627,0.343,0.124,0.009,9.673,6,20210517T160000_6
2021-05-17T16:59:52.939,1.542,-161.003,55.139,9191.768,0.344,0.225,-0.006,7.0,7,20210517T160000_7
2021-05-17T17:14:46.541,0.721,-161.67,55.099,28003.208,0.39,0.275,-0.004,10.0,8,20210517T160000_8
2021-05-17T17:15:06.451,0.298,-161.841,55.058,1495.033,0.234,0.227,0.009,4.636,9,20210517T160000_9
2021-05-17T17:44:57.292,0.118,-161.732,55.328,38632.505,0.02,0.098,0.0,4.0,10,20210517T160000_10
2021-05-17T17:57:33.855,1.189,-161.672,55.467,61000.0,0.346,0.087,0.007,5.0,11,20210517T160000_11
2021-05-17T19:28:20.198,1.29,-162.773,54.902,61000.0,1.099,0.171,0.099,9.862,12,20210517T160000_12
2021-05-17T20:27:47.037,1.692,-162.783,55.364,43679.717,0.269,0.118,0.021,4.62,14,20210517T160000_14
2021-05-17T20:27:51.788,0.696,-162.251,55.01,8692.297,0.44,0.788,0.087,9.38,13,20210517T160000_13
2021-05-17T21:59:40.427,1.22,-161.957,54.905,61000.0,0.811,0.243,-0.056,13.0,15,20210517T160000_15
2021-05-17T23:49:30.269,1.222,-161.003,55.139,61000.0,0.404,0.295,-0.0,7.359,16,20210517T160000_16
2021-05-17T23:49:32.311,1.303,-160.998,55.364,61000.0,0.439,0.302,-0.016,5.378,17,20210517T160000_17
2021-05-18T01:36:49.441,1.268,-161.208,54.903,61000.0,0.649,0.059,0.01,8.0,1,20210518T000000_1
2021-05-18T02:09:25.828,0.88,-161.852,55.18,30097.737,0.699,0.26,-0.052,10.0,2,20210518T000000_2
2021-05-18T02:18:49.582,2.087,-162.725,54.902,61000.0,0.836,0.254,0.029,8.567,3,20210518T000000_3
2021-05-18T02:18:50.940,1.873,-161.637,54.905,61000.0,0.667,0.392,-0.093,8.718,4,20210518T000000_4
2021-05-18T02:51:03.371,0.979,-161.954,54.905,46590.474,0.646,0.097,-0.04,7.0,5,20210518T000000_5
2021-05-18T03:55:01.972,1.675,-161.206,55.327,61000.0,0.607,0.207,0.0,11.377,6,20210518T000000_6
2021-05-18T03:56:23.047,1.662,-161.518,55.335,0.0,0.257,0.314,0.036,3.992,7,20210518T000000_7
2021-05-18T03:59:33.647,1.282,-161.527,54.955,24941.911,0.343,0.153,-0.015,7.0,8,20210518T000000_8
2021-05-18T04:31:45.338,0.323,-162.322,55.248,15985.617,0.44,0.16,-0.007,4.286,9,20210518T000000_9
2021-05-18T04:49:36.439,0.712,-161.713,55.317,16378.55,0.186,0.281,-0.034,7.661,10,20210518T000000_10
2021-05-18T05:08:00.759,0.937,-161.802,55.447,12049.906,0.59,0.318,-0.083,10.0,11,20210518T000000_11
2021-05-18T05:27:31.525,0.034,-161.802,55.248,11934.439,0.66,0.418,0.022,6.0,12,20210518T000000_12
2021-05-18T05:42:32.384,1.556,-162.774,54.944,53914.103,0.534,0.32,0.07,10.095,13,20210518T000000_13
2021-05-18T07:19:27.738,0.462,-161.648,55.291,19274.041,0.512,0.312,-0.067,7.999,14,20210518T000000_14
2021-05-18T08:35:31.955,0.085,-161.757,55.175,0.0,0.809,0.37,-0.015,5.0,1,20210518T080000_1
2021-05-18T08:49:21.185,1.018,-161.518,54.904,61000.0,0.351,0.055,0.008,7.0,2,20210518T080000_2
2021-05-18T09:12:16.110,0.965,-162.419,55.226,61000.0,0.454,0.222,-0.017,5.0,3,20210518T080000_3
2021-05-18T09:37:07.667,1.042,-161.497,54.904,35837.218,0.56,0.165,0.019,9.931,4,20210518T080000_4
2021-05-18T09:37:10.959,1.337,-162.652,55.772,61000.0,0.569,0.323,0.053,5.711,5,20210518T080000_5
2021-05-18T09:47:08.812,1.839,-161.349,54.904,49689.371,0.372,0.155,0.019,11.0,6,20210518T080000_6
2021-05-18T09:47:19.921,2.036,-161.384,54.904,46534.832,1.038,0.15,0.008,10.0,7,20210518T080000_7
2021-05-18T10:42:08.700,1.259,-162.474,55.185,61000.0,0.483,0.245,-0.026,7.0,8,20210518T080000_8
2021-05-18T10:48:38.178,0.608,-161.432,54.904,631.177,0.887,0.299,0.017,6.0,9,20210518T080000_9
2021-05-18T10:48:59.184,0.385,-161.464,55.293,19157.099,0.268,0.232,0.013,4.043,10,20210518T080000_10
2021-05-18T11:07:28.152,0.449,-161.86,55.398,24177.92,0.489,0.311,-0.046,9.0,11,20210518T080000_11
2021-05-18T11:18:45.505,0.915,-162.773,54.902,61000.0,0.339,0.236,0.0,4.37,12,20210518T080000_12
2021-05-18T11:18:45.965,0.923,-162.291,54.904,61000.0,0.391,0.048,-0.001,4.63,13,20210518T080000_13
2021-05-18T11:21:53.018,0.525,-162.376,55.029,4712.614,0.81,0.324,-0.213,7.0,14,20210518T080000_14
2021-05-18T12:47:12.323,0.381,-162.258,55.266,0.0,0.373,0.309,-0.032,8.0,15,20210518T080000_15
2021-05-18T13:38:40.005,0.918,-161.345,55.756,61000.0,0.358,0.352,-0.007,8.0,16,20210518T080000_16
2021-05-18T14:04:38.041,0.72,-161.953,55.126,0.0,0.301,0.246,-0.016,7.253,17,20210518T080000_17
2021-05-18T14:11:34.879,0.8,-162.053,55.537,34965.389,0.403,0.251,0.037,6.633,18,20210518T080000_18
2021-05-18T15:45:01.552,0.604,-161.882,55.449,29548.579,0.242,0.314,-0.032,14.0,19,20210518T080000_19
2021-05-18T15:49:03.185,0.374,-161.808,55.457,28815.741,0.117,0.311,-0.009,7.0,20,20210518T080000_20
2021-05-18T15:59:08.176,0.74,-161.992,55.281,34852.442,0.721,0.286,-0.194,10.0,21,20210518T080000_21
2021-05-18T17:28:18.913,0.565,-161.945,55.741,0.0,0.132,0.379,-0.011,4.703,1,20210518T160000_1
2021-05-18T17:33:45.974,1.504,-161.005,55.049,20110.953,0.414,0.202,0.03,19.991,2,20210518T160000_2
2021-05-18T18:08:17.508,0.537,-161.49,55.245,15378.901,0.889,0.39,-0.096,9.0,3,20210518T160000_3
2021-05-18T18:53:54.621,0.861,-161.008,54.902,61000.0,1.096,0.252,-0.002,4.0,4,20210518T160000_4
2021-05-18T20:29:18.277,1.428,-162.116,55.872,0.0,0.382,0.344,0.043,5.884,6,20210518T160000_6
2021-05-18T20:29:19.978,1.334,-162.773,54.902,61000.0,0.78,0.183,-0.009,4.969,5,20210518T160000_5
2021-05-18T21:56:51.669,0.484,-162.401,55.14,5912.006,0.081,0.16,-0.001,4.0,7,20210518T160000_7
2021-05-18T23:28:10.293,2.09,-161.092,54.902,58712.038,0.279,0.205,0.02,10.0,8,20210518T160000_8
2021-05-18T23:28:19.509,2.491,-161.13,54.903,53593.639,0.443,0.251,0.049,10.0,9,20210518T160000_9
2021-05-19T00:58:11.869,1.809,-161.588,54.905,61000.0,0.612,0.266,-0.042,15.0,1,20210519T000000_1
2021-05-19T03:05:12.925,0.654,-162.345,55.035,0.0,0.462,0.633,0.027,3.857,2,20210519T000000_2
2021-05-19T04:16:32.793,2.015,-162.773,54.902,61000.0,0.978,0.275,0.058,19.0,3,20210519T000000_3
2021-05-19T04:20:01.411,1.643,-162.773,54.902,61000.0,1.13,0.293,-0.111,14.0,4,20210519T000000_4
2021-05-19T09:51:16.176,1.978,-161.383,54.904,54213.632,0.427,0.194,-0.005,8.72,1,20210519T080000_1
2021-05-19T09:51:22.441,2.181,-162.731,55.736,61000.0,0.482,0.22,0.031,5.657,2,20210519T080000_2
2021-05-19T11:27:33.600,2.433,-161.008,54.902,61000.0,0.82,0.252,-0.014,20.0,3,20210519T080000_3
2021-05-19T13:17:02.626,1.494,-161.379,54.904,24019.523,0.202,0.272,0.003,5.0,4,20210519T080000_4
2021-05-19T13:17:26.943,1.009,-161.852,55.179,19248.442,0.185,0.363,-0.009,5.786,5,20210519T080000_5
2021-05-19T13:32:46.242,1.497,-161.005,55.018,3040.912,0.268,0.383,0.052,5.0,6,20210519T080000_6
2021-05-19T13:32:54.842,1.419,-161.008,54.902,20740.222,0.724,0.271,0.002,4.0,7,20210519T080000_7
2021-05-19T19:05:55.181,0.235,-161.63,55.319,3536.523,0.0,0.453,0.0,3.985,1,20210519T160000_1
2021-05-19T20:35:08.022,1.296,-161.135,54.903,1844.964,0.382,0.206,-0.004,4.0,2,20210519T160000_2
2021-05-19T20:35:15.696,1.677,-161.005,55.03,37129.477,0.283,0.336,-0.008,6.0,3,20210519T160000_3
2021-05-20T04:12:07.389,1.753,-161.0,55.274,60621.478,0.215,0.32,-0.045,6.0,1,20210520T000000_1
2021-05-20T04:12:47.839,-0.004,-161.813,55.406,0.0,0.386,0.869,0.112,5.918,2,20210520T000000_2
2021-05-20T05:19:20.613,1.338,-162.773,54.902,26865.459,0.752,0.143,-0.021,5.0,3,20210520T000000_3
2021-05-20T05:19:40.565,1.017,-162.277,54.936,0.0,0.499,0.603,0.061,4.806,4,20210520T000000_4
2021-05-20T08:39:33.296,2.251,-162.773,54.902,61000.0,0.917,0.416,-0.209,18.0,1,20210520T080000_1
2021-05-20T09:10:10.043,1.528,-161.303,54.903,36338.548,0.228,0.346,-0.023,7.0,2,20210520T080000_2
2021-05-20T09:10:22.515,1.437,-161.274,54.903,28661.394,0.592,0.333,0.024,5.0,3,20210520T080000_3
2021-05-20T11:01:15.924,2.136,-162.773,54.902,61000.0,0.907,0.322,-0.004,11.354,4,20210520T080000_4
2021-05-20T11:01:18.410,1.946,-161.672,54.905,58537.333,0.413,0.367,-0.026,6.248,5,20210520T080000_5
2021-05-20T11:15:56.191,0.881,-162.262,54.904,0.0,0.218,0.502,-0.025,6.151,6,20210520T080000_6
2021-05-20T11:15:57.399,1.762,-162.707,55.386,61000.0,0.695,0.426,0.036,4.346,7,20210520T080000_7
2021-05-20T14:22:04.068,0.196,-161.585,55.217,54.499,0.35,0.354,0.076,4.0,8,20210520T080000_8
2021-05-20T16:56:14.188,1.475,-162.382,54.904,47153.26,0.947,0.242,-0.075,7.0,1,20210520T160000_1
2021-05-20T17:53:45.284,2.428,-161.657,54.905,30031.14,0.328,0.15,0.009,10.0,2,20210520T160000_2
2021-05-20T17:53:53.993,2.834,-161.658,54.905,31016.75,0.72,0.22,0.006,10.0,3,20210520T160000_3
2021-05-20T19:41:11.337,0.425,-161.912,55.3,17637.221,0.045,0.33,0.0,6.0,4,20210520T160000_4
2021-05-20T20:17:43.352,0.307,-161.521,55.169,22312.435,0.186,0.224,0.007,4.0,5,20210520T160000_5
2021-05-20T20:53:14.286,1.929,-161.27,54.903,47564.163,0.239,0.263,-0.006,9.0,6,20210520T160000_6
2021-05-20T20:53:28.949,1.955,-161.417,54.904,30459.182,0.622,0.267,0.046,12.0,7,20210520T160000_7
2021-05-20T22:38:05.644,1.383,-161.007,54.93,31023.746,0.234,0.346,-0.005,4.961,8,20210520T160000_8
2021-05-20T22:38:31.069,0.6,-162.042,55.242,23380.091,0.465,0.252,0.004,4.848,9,20210520T160000_9
2021-05-20T23:06:02.333,1.602,-161.692,54.905,61000.0,0.858,0.39,-0.255,15.0,10,20210520T160000_10
2021-05-20T23:27:44.101,1.73,-162.158,54.905,61000.0,0.854,0.304,-0.02,7.0,11,20210520T160000_11
2021-05-21T00:01:13.454,0.761,-162.198,55.339,49.724,0.372,0.548,0.034,4.991,1,20210521T000000_1
2021-05-21T01:00:30.454,1.085,-161.312,54.904,30320.303,0.148,0.35,-0.003,5.0,2,20210521T000000_2
2021-05-21T01:06:36.434,0.849,-162.337,55.22,2470.791,0.0,0.315,0.0,3.834,3,20210521T000000_3
2021-05-21T01:07:07.985,1.986,-162.778,55.139,25967.015,0.192,0.303,0.031,4.0,4,20210521T000000_4
2021-05-21T01:48:45.421,1.823,-162.628,55.174,61000.0,0.59,0.11,-0.013,4.0,5,20210521T000000_5
2021-05-21T03:21:15.548,1.015,-161.846,54.905,0.0,0.405,0.428,0.1,8.0,6,20210521T000000_6
2021-05-21T03:21:23.289,1.309,-161.862,54.905,0.0,0.382,0.37,0.014,9.0,7,20210521T000000_7
2021-05-21T04:48:44.001,0.506,-161.844,55.4,30024.494,0.322,0.411,-0.054,5.0,8,20210521T000000_8
2021-05-21T07:37:23.786,0.009,-161.616,55.241,21.504,0.189,0.285,0.033,4.0,9,20210521T000000_9
2021-05-21T11:05:35.215,1.175,-161.024,55.02,1142.152,0.221,0.355,0.007,4.0,1,20210521T080000_1
2021-05-21T11:05:36.735,1.874,-161.006,55.012,56031.476,0.358,0.289,-0.019,6.0,2,20210521T080000_2
2021-05-21T14:50:58.640,2.356,-161.675,54.905,61000.0,0.965,0.325,-0.111,18.0,3,20210521T080000_3
2021-05-21T15:29:02.926,0.342,-161.609,55.236,19544.461,0.451,0.319,0.025,4.0,4,20210521T080000_4
2021-05-21T15:43:09.421,2.295,-161.027,55.279,61000.0,0.348,0.224,-0.029,9.597,5,20210521T080000_5
2021-05-21T15:43:15.260,3.035,-161.843,55.745,61000.0,0.381,0.254,0.04,5.909,6,20210521T080000_6
2021-05-21T16:26:30.534,1.465,-162.541,54.964,37474.822,1.126,0.325,-0.091,4.0,1,20210521T160000_1
2021-05-21T16:55:24.633,0.861,-162.219,54.904,836.541,0.133,0.347,0.011,5.535,2,20210521T160000_2
2021-05-21T19:31:35.392,1.503,-161.004,55.081,28760.36,0.341,0.301,0.0,8.924,3,20210521T160000_3
2021-05-21T21:43:12.399,1.98,-161.0,55.268,61000.0,0.678,0.301,0.026,15.97,4,20210521T160000_4
2021-05-21T23:33:55.480,1.93,-162.773,54.902,61000.0,1.216,0.299,0.103,7.0,5,20210521T160000_5
2021-05-22T03:41:16.719,1.805,-162.634,54.903,61000.0,0.635,0.351,-0.034,11.0,1,20210522T000000_1
2021-05-22T05:03:47.683,0.369,-161.541,55.275,0.0,0.062,0.381,0.0,4.0,2,20210522T000000_2
2021-05-22T06:12:11.450,1.846,-162.791,55.738,61000.0,0.501,0.107,0.03,5.0,3,20210522T000000_3
2021-05-22T09:06:21.541,1.533,-162.771,54.902,34677.958,0.868,0.406,-0.032,11.0,1,20210522T080000_1
2021-05-22T09:23:31.194,1.401,-162.581,54.903,54340.033,0.281,0.296,0.012,4.794,2,20210522T080000_2
2021-05-22T11:47:48.466,0.293,-161.617,55.242,14290.434,0.525,0.352,0.032,4.0,3,20210522T080000_3
2021-05-22T12:36:25.372,0.877,-162.241,55.033,0.0,0.575,0.356,-0.108,5.678,4,20210522T080000_4
2021-05-22T15:51:28.397,1.512,-161.008,54.902,61000.0,0.838,0.301,-0.081,9.89,5,20210522T080000_5
2021-05-22T16:17:28.652,0.027,-162.265,55.009,0.0,0.289,0.383,0.003,5.061,1,20210522T160000_1
2021-05-22T17:05:59.232,1.315,-161.48,54.904,30682.263,0.375,0.387,0.045,8.958,2,20210522T160000_2
2021-05-22T17:06:17.107,1.387,-161.218,55.17,26143.881,0.144,0.323,0.029,4.363,3,20210522T160000_3
2021-05-22T18:27:57.057,0.324,-162.312,54.904,0.0,0.818,0.489,0.011,5.0,4,20210522T160000_4
2021-05-22T18:30:56.724,1.048,-161.207,55.92,30690.379,0.089,0.327,-0.01,4.074,5,20210522T160000_5
2021-05-22T19:07:20.833,0.381,-161.518,55.397,0.0,0.838,0.469,-0.074,5.0,6,20210522T160000_6
2021-05-22T19:12:56.861,0.736,-161.297,55.256,16018.602,0.0,0.354,0.0,4.0,7,20210522T160000_7
2021-05-22T19:35:41.593,2.647,-161.212,54.903,47838.784,0.313,0.209,0.03,11.0,8,20210522T160000_8
2021-05-22T19:35:50.650,3.173,-161.165,54.903,52472.421,0.859,0.208,-0.007,10.0,9,20210522T160000_9
2021-05-22T19:41:15.987,1.11,-161.222,54.903,28856.477,0.236,0.305,-0.025,6.0,10,20210522T160000_10
2021-05-22T19:41:25.558,1.085,-161.021,54.902,25843.434,0.474,0.263,-0.016,3.69,11,20210522T160000_11
2021-05-22T22:37:06.294,1.146,-161.286,54.903,30741.729,0.365,0.344,-0.007,7.944,12,20210522T160000_12
2021-05-22T22:37:19.046,1.248,-161.002,55.169,32589.673,0.373,0.37,0.058,6.0,13,20210522T160000_13
2021-05-22T23:59:46.561,1.275,-161.512,54.933,61000.0,0.225,0.331,-0.019,6.0,1,20210523T000000_1
2021-05-23T00:08:41.884,1.075,-161.453,54.904,31094.557,0.208,0.261,0.017,6.0,2,20210523T000000_2
2021-05-23T00:08:52.697,1.255,-161.402,54.904,42061.185,0.591,0.264,-0.04,6.0,3,20210523T000000_3
2021-05-23T01:22:49.987,1.565,-161.158,54.903,50064.061,0.256,0.198,0.003,10.0,4,20210523T000000_4
2021-05-23T01:23:00.861,1.43,-161.188,54.903,42095.592,0.332,0.229,-0.001,5.0,5,20210523T000000_5
2021-05-23T02:13:26.796,1.917,-162.296,55.078,61000.0,0.462,0.365,-0.015,9.0,6,20210523T000000_6
2021-05-23T03:56:10.295,2.185,-162.481,54.903,61000.0,1.08,0.299,0.01,20.0,7,20210523T000000_7
2021-05-23T04:28:57.068,1.75,-161.143,54.903,61000.0,0.788,0.181,0.014,5.748,8,20210523T000000_8
2021-05-23T04:29:14.700,0.954,-161.88,54.905,0.0,0.314,0.4,0.011,4.252,9,20210523T000000_9
2021-05-23T04:52:41.127,1.254,-162.511,55.106,61000.0,0.228,0.294,0.007,4.0,10,20210523T000000_10
2021-05-23T05:15:38.614,1.557,-161.785,54.905,52127.083,0.745,0.36,-0.165,13.0,11,20210523T000000_11
2021-05-23T05:39:53.458,2.747,-161.379,54.904,32071.156,0.416,0.356,0.038,11.0,12,20210523T000000_12
2021-05-23T05:40:00.630,3.543,-161.462,54.904,53440.342,0.693,0.279,-0.007,10.0,13,20210523T000000_13
2021-05-23T06:12:40.427,1.757,-162.774,54.984,61000.0,0.567,0.347,0.033,5.075,14,20210523T000000_14
2021-05-23T06:12:41.309,1.816,-161.633,54.905,61000.0,0.743,0.419,-0.069,5.925,15,20210523T000000_15
2021-05-23T07:38:44.925,1.536,-161.615,54.905,61000.0,0.874,0.299,-0.155,13.0,16,20210523T000000_16
2021-05-23T08:01:34.356,0.849,-161.489,54.904,688.398,0.262,0.134,-0.008,4.0,1,20210523T080000_1
2021-05-23T08:01:43.183,1.043,-161.524,54.904,33803.56,0.015,0.238,-0.001,4.0,2,20210523T080000_2
2021-05-23T09:19:17.447,1.739,-162.773,54.902,61000.0,1.231,0.321,-0.088,17.0,3,20210523T080000_3
2021-05-23T12:28:45.976,1.662,-162.619,54.903,61000.0,0.473,0.195,0.015,7.3,4,20210523T080000_4
2021-05-23T15:49:26.065,0.956,-161.006,54.981,1231.521,0.091,0.245,0.001,4.0,5,20210523T080000_5
2021-05-23T15:49:32.278,1.303,-161.255,54.951,61000.0,0.4,0.224,0.015,5.0,6,20210523T080000_6
2021-05-23T15:59:49.209,0.989,-162.115,55.311,61000.0,0.198,0.376,-0.026,4.0,1,20210523T160000_1
2021-05-23T16:13:23.569,1.237,-162.117,55.136,29842.782,0.479,0.348,0.021,7.0,2,20210523T160000_2
2021-05-23T16:37:49.889,0.835,-161.99,55.217,30345.929,0.142,0.175,0.009,4.916,3,20210523T160000_3
2021-05-23T17:11:26.479,1.64,-161.466,54.904,28983.567,0.352,0.184,0.007,10.0,4,20210523T160000_4
2021-05-23T17:11:34.053,2.024,-161.447,54.904,47246.462,0.719,0.202,-0.026,10.0,5,20210523T160000_5
2021-05-23T18:05:46.047,1.533,-161.005,55.086,24721.936,0.349,0.264,-0.016,12.0,6,20210523T160000_6
2021-05-23T22:32:27.814,0.82,-161.366,54.968,318.521,0.19,0.208,0.01,5.0,7,20210523T160000_7
2021-05-23T22:32:50.775,0.881,-161.737,55.061,8748.137,0.002,0.259,0.0,3.756,8,20210523T160000_8
2021-05-23T23:35:37.406,1.469,-161.991,55.279,45591.203,0.497,0.321,-0.043,8.0,9,20210523T160000_9
2021-05-24T03:40:09.924,1.552,-162.773,54.902,61000.0,0.731,0.363,0.096,5.339,1,20210524T000000_1
2021-05-24T03:40:27.270,1.073,-162.058,54.924,0.0,0.376,0.07,-0.005,5.661,2,20210524T000000_2
2021-05-24T04:11:48.172,1.564,-162.773,54.902,39264.313,0.713,0.397,-0.023,5.922,3,20210524T000000_3
2021-05-24T10:29:54.351,1.261,-162.37,54.904,0.0,0.868,0.331,-0.037,6.394,1,20210524T080000_1
2021-05-24T10:30:07.158,1.407,-162.342,54.904,3726.538,0.449,0.479,-0.017,4.557,2,20210524T080000_2
2021-05-24T12:24:06.530,1.713,-162.773,54.902,48938.414,0.884,0.196,-0.023,5.087,3,20210524T080000_3
2021-05-24T14:33:48.110,1.013,-161.873,55.373,38879.04,0.25,0.491,0.008,5.0,4,20210524T080000_4
2021-05-24T14:33:49.946,1.732,-161.008,54.902,41364.103,0.627,0.373,-0.004,7.0,5,20210524T080000_5
2021-05-24T21:19:58.259,2.205,-161.008,54.902,61000.0,0.794,0.271,0.067,15.0,1,20210524T160000_1
2021-05-25T06:58:09.665,1.757,-162.336,54.976,4048.541,0.322,0.632,0.008,8.809,1,20210525T000000_1
2021-05-25T06:58:23.686,2.462,-162.781,55.266,61000.0,0.504,0.317,-0.237,6.0,2,20210525T000000_2
2021-05-25T07:29:02.701,2.192,-160.985,55.918,61000.0,0.759,0.264,0.007,3.954,3,20210525T000000_3
2021-05-25T14:27:26.483,1.051,-161.436,55.385,29985.565,0.113,0.276,-0.003,5.0,1,20210525T080000_1
2021-05-25T20:41:31.290,1.465,-161.0,55.267,61000.0,0.444,0.387,0.033,5.0,1,20210525T160000_1
2021-05-25T22:51:40.465,0.152,-161.929,55.157,0.0,0.203,0.432,-0.004,5.0,2,20210525T160000_2
2021-05-25T23:51:37.845,1.355,-161.318,54.904,23879.655,0.233,0.345,-0.043,6.0,3,20210525T160000_3
2021-05-25T23:52:00.509,0.986,-161.592,55.101,0.0,0.58,0.398,-0.039,7.0,4,20210525T160000_4
2021-05-26T01:45:49.514,1.055,-161.186,55.92,46343.331,0.165,0.13,0.01,6.0,1,20210526T000000_1
2021-05-26T09:35:39.065,2.054,-162.726,54.902,61000.0,0.845,0.237,-0.118,19.0,1,20210526T080000_1
2021-05-26T14:33:14.907,0.694,-161.773,55.359,31568.963,0.006,0.182,0.0,4.0,2,20210526T080000_2
2021-05-26T15:59:48.926,1.232,-162.112,55.251,61000.0,0.431,0.43,0.01,6.0,1,20210526T160000_1
2021-05-26T16:21:07.259,1.41,-161.005,55.061,32271.521,0.361,0.397,-0.044,6.0,2,20210526T160000_2
2021-05-26T16:21:16.592,1.912,-161.002,55.193,49057.99,0.64,0.297,-0.095,7.0,3,20210526T160000_3
2021-05-26T21:25:33.720,1.586,-162.773,54.902,61000.0,1.026,0.149,-0.007,6.896,4,20210526T160000_4
2021-05-26T21:40:12.654,0.706,-162.161,55.895,0.0,0.644,0.192,-0.032,4.0,5,20210526T160000_5
2021-05-26T23:37:21.400,1.631,-161.115,54.902,54933.048,0.368,0.303,0.01,8.0,6,20210526T160000_6
2021-05-26T23:37:28.666,2.052,-161.161,54.903,61000.0,0.727,0.277,-0.07,9.0,7,20210526T160000_7
2021-05-26T23:59:48.450,1.13,-162.281,55.275,61000.0,0.349,0.449,-0.084,4.0,1,20210527T000000_1
2021-05-27T01:08:58.537,2.569,-161.001,55.223,61000.0,0.399,0.228,-0.0,11.0,2,20210527T000000_2
2021-05-27T01:09:17.177,3.119,-161.005,55.031,34884.312,0.424,0.215,0.012,8.872,3,20210527T000000_3
2021-05-27T02:24:39.950,1.051,-162.024,55.28,46450.774,0.0,0.278,-0.0,3.967,4,20210527T000000_4
2021-05-27T05:33:14.174,1.569,-162.791,55.722,61000.0,0.631,0.418,0.07,4.205,5,20210527T000000_5
2021-05-27T10:56:01.720,0.462,-162.172,55.283,0.0,0.151,0.167,-0.01,4.0,1,20210527T080000_1
2021-05-27T12:21:51.296,1.586,-162.773,54.902,61000.0,0.915,0.093,0.016,9.0,2,20210527T080000_2
2021-05-27T14:28:07.349,1.388,-161.278,54.903,40119.724,0.279,0.216,0.012,4.0,3,20210527T080000_3
2021-05-27T14:38:34.090,1.195,-162.64,55.038,29178.418,0.602,0.324,-0.01,7.0,4,20210527T080000_4
2021-05-27T16:55:53.103,1.639,-162.753,54.902,60103.319,0.833,0.194,-0.013,9.969,1,20210527T160000_1
2021-05-27T17:57:43.175,1.255,-161.531,55.171,61000.0,0.168,0.129,-0.002,5.0,2,20210527T160000_2
2021-05-27T19:50:31.047,1.559,-161.143,54.903,52877.397,0.083,0.076,0.003,4.0,3,20210527T160000_3
2021-05-27T19:50:42.352,1.45,-161.107,54.902,43761.419,0.501,0.222,-0.064,5.0,4,20210527T160000_4
2021-05-27T21:41:48.413,2.792,-161.013,54.902,61000.0,0.363,0.285,0.034,10.0,5,20210527T160000_5
2021-05-27T21:41:57.498,3.036,-161.137,54.903,59948.312,0.567,0.228,0.031,10.0,6,20210527T160000_6
2021-05-27T22:52:47.604,1.424,-161.684,55.556,54704.472,0.542,0.207,-0.034,10.0,7,20210527T160000_7
2021-05-27T22:53:35.984,1.416,-161.461,55.601,0.0,0.299,0.407,-0.012,3.645,8,20210527T160000_8
2021-05-27T22:57:35.787,1.693,-161.17,54.903,55540.202,0.289,0.213,-0.005,9.0,9,20210527T160000_9
2021-05-27T22:57:45.948,1.834,-161.229,54.903,53864.213,0.506,0.262,0.005,10.0,10,20210527T160000_10
2021-05-27T23:29:14.140,1.335,-162.581,55.015,50238.886,0.228,0.233,-0.007,5.729,11,20210527T160000_11
2021-05-28T00:47:56.522,1.467,-162.78,55.23,61000.0,0.687,0.076,-0.016,5.0,1,20210528T000000_1
2021-05-28T06:03:07.946,2.112,-161.634,54.905,61000.0,0.849,0.473,-0.043,23.0,2,20210528T000000_2
2021-05-28T07:00:22.007,1.618,-161.226,54.903,48588.881,0.245,0.172,0.007,10.0,3,20210528T000000_3
2021-05-28T07:00:32.445,1.849,-161.295,54.903,51440.546,0.474,0.232,-0.042,9.0,4,20210528T000000_4
2021-05-28T07:59:49.165,0.931,-162.156,55.35,61000.0,0.202,0.394,-0.028,5.0,1,20210528T080000_1
2021-05-28T10:02:02.916,0.505,-162.159,55.89,0.0,0.701,0.205,-0.044,4.0,2,20210528T080000_2
2021-05-28T10:54:30.225,1.075,-161.008,54.914,22289.051,0.217,0.294,-0.03,6.0,3,20210528T080000_3
2021-05-28T12:11:13.313,1.405,-162.089,54.905,61000.0,0.683,0.15,-0.041,7.0,4,20210528T080000_4
2021-05-28T12:39:16.433,0.433,-161.512,55.162,3937.271,0.054,0.334,0.003,4.0,5,20210528T080000_5
2021-05-28T14:26:06.898,1.743,-161.04,54.902,56028.57,0.287,0.138,0.007,11.0,6,20210528T080000_6
2021-05-28T14:26:16.635,1.889,-161.214,54.903,57079.553,0.593,0.249,0.032,10.0,7,20210528T080000_7
2021-05-28T16:12:18.068,1.867,-162.746,54.902,59218.85,0.672,0.285,0.0,11.576,1,20210528T160000_1
2021-05-28T19:00:32.525,-0.14,-161.627,55.366,12917.418,0.0,0.233,-0.0,4.0,2,20210528T160000_2
2021-05-29T00:41:08.761,1.81,-161.603,54.939,61000.0,0.299,0.392,0.022,18.0,1,20210529T000000_1
2021-05-29T07:51:42.244,1.331,-161.302,54.903,801.477,0.414,0.212,0.026,4.0,2,20210529T000000_2
2021-05-29T08:04:45.537,1.729,-161.17,54.903,6171.554,0.508,0.23,0.047,7.0,1,20210529T080000_1
2021-05-29T08:04:59.612,1.804,-161.434,54.904,18705.339,0.322,0.261,-0.003,7.0,2,20210529T080000_2
2021-05-29T08:05:58.382,1.612,-161.994,55.549,50824.002,0.0,0.33,-0.0,4.0,3,20210529T080000_3
2021-05-29T15:48:13.093,0.679,-161.92,55.392,26503.255,0.0,0.484,-0.0,4.0,4,20210529T080000_4
2021-05-29T18:29:47.343,1.864,-162.773,54.902,61000.0,0.859,0.334,-0.046,11.468,1,20210529T160000_1
2021-05-29T21:01:23.881,1.68,-162.773,54.902,61000.0,0.965,0.159,0.151,7.0,2,20210529T160000_2
2021-05-29T22:15:06.206,1.788,-161.222,54.903,42290.448,0.387,0.16,0.007,9.0,3,20210529T160000_3
2021-05-29T22:15:17.732,2.05,-161.234,54.903,36003.743,0.697,0.264,-0.062,8.0,4,20210529T160000_4
2021-05-29T22:49:11.413,1.962,-161.008,54.902,61000.0,1.056,0.27,0.051,19.0,5,20210529T160000_5
2021-05-30T04:05:51.614,1.026,-162.061,54.94,3505.986,0.022,0.193,0.001,3.889,1,20210530T000000_1
2021-05-30T05:38:03.273,2.158,-161.0,55.263,61000.0,0.536,0.178,0.051,10.0,2,20210530T000000_2
2021-05-30T05:38:44.529,1.564,-161.815,55.22,7024.031,0.492,0.382,-0.003,7.828,3,20210530T000000_3
2021-05-30T07:40:45.489,2.373,-161.684,54.905,61000.0,0.941,0.363,-0.153,21.0,4,20210530T000000_4
2021-05-30T08:27:17.662,0.931,-161.793,55.304,26166.189,0.385,0.41,0.009,6.0,1,20210530T080000_1
2021-05-30T11:11:23.389,1.458,-162.775,55.013,45976.064,0.286,0.235,0.008,4.755,2,20210530T080000_2
2021-05-30T13:41:21.006,1.716,-162.781,55.286,61000.0,0.807,0.31,0.043,12.859,3,20210530T080000_3
2021-05-30T14:25:32.046,1.758,-161.219,54.903,60261.858,0.252,0.099,-0.001,8.0,4,20210530T080000_4
2021-05-30T14:36:42.725,1.786,-161.192,55.02,61000.0,0.331,0.268,0.013,11.0,5,20210530T080000_5
2021-05-30T15:58:23.945,1.605,-162.785,55.452,61000.0,0.713,0.05,-0.009,5.0,6,20210530T080000_6
2021-05-30T17:08:23.578,1.627,-162.779,55.201,61000.0,0.63,0.359,-0.012,7.0,1,20210530T160000_1
2021-05-30T18:08:58.190,1.326,-162.774,54.979,38009.197,0.553,0.35,0.082,7.779,2,20210530T160000_2
2021-05-30T18:21:20.472,1.373,-161.168,55.267,59244.136,0.498,0.4,-0.014,9.821,3,20210530T160000_3
2021-05-30T18:22:22.817,1.017,-161.754,55.093,14864.587,0.478,0.188,0.017,6.711,4,20210530T160000_4
2021-05-30T18:23:17.992,0.93,-162.507,54.95,22464.682,0.053,0.354,0.0,4.277,5,20210530T160000_5
2021-05-30T19:22:03.673,2.522,-162.773,54.902,61000.0,1.251,0.327,-0.095,21.0,6,20210530T160000_6
2021-05-31T04:14:03.545,1.693,-162.773,54.902,61000.0,1.001,0.136,-0.025,7.0,1,20210531T000000_1
2021-05-31T06:06:47.589,0.88,-161.773,55.168,21911.331,0.515,0.351,-0.092,8.0,2,20210531T000000_2
2021-05-31T07:02:03.450,2.46,-161.378,55.515,61000.0,0.353,0.834,0.094,10.306,3,20210531T000000_3
2021-05-31T07:15:56.766,1.661,-161.209,54.903,42602.299,0.772,0.536,-0.215,5.883,4,20210531T000000_4
2021-05-31T07:16:07.482,1.022,-162.38,54.904,0.0,1.202,0.448,0.051,5.023,5,20210531T000000_5
2021-05-31T10:33:13.171,1.556,-161.122,54.902,0.0,0.376,0.252,0.003,6.737,1,20210531T080000_1
2021-05-31T10:33:16.146,1.447,-162.713,54.902,22333.38,0.121,0.382,-0.012,4.463,2,20210531T080000_2
2021-05-31T10:33:37.074,0.48,-161.662,55.283,0.0,0.403,0.414,-0.053,7.216,3,20210531T080000_3
2021-05-31T11:46:10.283,1.567,-162.766,54.902,61000.0,0.827,0.38,-0.113,12.0,4,20210531T080000_4
2021-05-31T12:16:55.165,1.807,-161.481,55.591,54306.985,0.341,0.339,-0.009,11.508,5,20210531T080000_5
2021-05-31T13:02:14.534,1.482,-160.999,55.304,45877.646,0.308,0.313,0.012,9.0,6,20210531T080000_6
2021-05-31T13:02:20.465,1.681,-160.999,55.33,47854.273,0.573,0.262,0.032,7.0,7,20210531T080000_7
2021-05-31T14:56:38.769,1.751,-161.534,54.904,61000.0,0.933,0.245,-0.12,20.998,8,20210531T080000_8
2021-05-31T18:40:58.630,2.67,-161.653,54.905,61000.0,1.03,0.267,-0.126,22.0,1,20210531T160000_1
2021-06-01T00:14:03.283,1.768,-161.054,54.902,55104.622,0.259,0.26,0.003,8.983,1,20210601T000000_1
2021-06-01T00:14:27.764,1.036,-161.37,55.283,12950.121,0.134,0.317,-0.017,6.913,2,20210601T000000_2
2021-06-01T00:14:32.804,1.071,-162.086,54.929,8108.054,0.012,0.19,-0.0,3.918,3,20210601T000000_3
2021-06-01T04:30:18.010,0.033,-162.011,55.281,0.0,0.278,0.336,-0.028,5.0,4,20210601T000000_4
2021-06-01T10:00:25.474,1.6,-161.916,54.905,61000.0,1.188,0.126,0.053,7.0,1,20210601T080000_1
2021-06-01T12:05:04.181,1.5,-161.002,55.196,61000.0,1.161,0.404,-0.094,9.897,2,20210601T080000_2
2021-06-01T16:32:07.582,1.438,-161.152,54.903,43253.005,0.267,0.309,-0.025,7.0,1,20210601T160000_1
2021-06-01T16:32:16.459,1.644,-161.196,54.903,54212.818,0.417,0.272,-0.053,7.0,2,20210601T160000_2
2021-06-01T17:37:20.606,1.257,-161.0,55.259,61000.0,0.472,0.302,-0.039,4.0,3,20210601T160000_3
2021-06-01T18:53:48.527,0.907,-161.71,55.368,34468.898,0.269,0.311,0.012,6.0,4,20210601T160000_4
2021-06-01T21:44:02.238,2.088,-162.795,55.891,61000.0,0.947,0.188,0.096,5.0,5,20210601T160000_5
2021-06-01T22:03:44.839,1.816,-161.132,54.903,61000.0,0.799,0.274,-0.023,18.0,6,20210601T160000_6
2021-06-02T01:19:17.426,0.798,-162.164,54.905,0.0,0.371,0.334,0.033,6.417,1,20210602T000000_1
2021-06-02T01:19:38.328,0.273,-161.882,55.15,0.0,0.42,0.133,0.006,4.224,2,20210602T000000_2
2021-06-02T01:31:31.407,1.415,-162.773,54.902,61000.0,0.929,0.114,0.0,4.817,3,20210602T000000_3
2021-06-02T07:15:39.681,1.76,-162.214,54.904,25.406,0.352,0.432,-0.001,11.0,4,20210602T000000_4
2021-06-02T07:15:54.533,2.067,-162.298,54.904,10613.891,0.506,0.551,-0.007,10.0,5,20210602T000000_5
2021-06-02T07:59:49.176,1.165,-162.128,55.341,61000.0,0.206,0.542,-0.063,4.0,1,20210602T080000_1
2021-06-02T10:38:49.617,0.168,-161.805,55.146,0.0,0.67,0.452,-0.073,6.0,2,20210602T080000_2
2021-06-02T16:07:26.059,1.538,-161.743,54.946,61000.0,0.291,0.274,0.009,14.918,1,20210602T160000_1
2021-06-02T19:46:18.680,0.136,-161.872,55.225,13524.941,0.295,0.169,-0.009,4.0,2,20210602T160000_2
2021-06-02T19:56:19.633,0.268,-161.801,55.241,17.178,0.683,0.486,0.041,5.748,3,20210602T160000_3
2021-06-02T23:38:58.761,1.456,-161.164,54.903,48454.307,0.253,0.231,-0.011,6.891,4,20210602T160000_4
2021-06-02T23:59:45.563,1.453,-161.329,54.904,61000.0,0.291,0.418,-0.021,4.0,1,20210603T000000_1
2021-06-03T02:17:29.527,1.347,-161.957,54.905,61000.0,0.434,0.223,0.037,6.0,2,20210603T000000_2
2021-06-03T03:27:52.970,1.805,-162.672,55.919,61000.0,0.928,0.09,0.015,6.0,3,20210603T000000_3
2021-06-03T05:16:29.463,2.353,-161.447,54.904,52569.668,0.428,0.262,0.034,10.987,4,20210603T000000_4
2021-06-03T05:16:46.516,2.325,-161.528,54.904,30894.158,0.581,0.193,0.011,10.925,5,20210603T000000_5
2021-06-03T06:33:28.153,0.731,-161.859,55.459,27612.909,0.179,0.418,-0.017,6.0,6,20210603T000000_6
2021-06-03T09:54:50.560,0.598,-161.836,55.497,27800.349,0.142,0.367,-0.005,8.0,1,20210603T080000_1
2021-06-03T10:21:49.827,2.149,-162.486,55.221,61000.0,0.556,0.393,0.036,13.0,2,20210603T080000_2
2021-06-03T10:41:48.134,0.399,-161.723,55.298,0.0,0.066,0.303,-0.01,3.706,3,20210603T080000_3
2021-06-03T11:48:49.853,0.551,-162.219,54.904,0.0,0.68,0.359,0.017,6.0,4,20210603T080000_4
2021-06-03T14:31:32.548,1.166,-161.107,54.902,35597.889,0.352,0.248,0.017,7.993,5,20210603T080000_5
2021-06-03T14:31:59.032,0.343,-162.108,55.232,19468.528,0.0,0.142,0.0,4.0,6,20210603T080000_6
2021-06-03T15:40:13.861,0.28,-162.041,54.905,0.0,0.287,0.138,0.021,4.0,7,20210603T080000_7
2021-06-03T15:40:37.180,0.394,-162.111,54.905,0.0,0.836,0.211,0.005,4.0,8,20210603T080000_8
2021-06-03T16:32:52.520,1.753,-161.078,54.902,61000.0,0.451,0.149,0.027,12.0,1,20210603T160000_1
2021-06-03T16:33:03.270,1.884,-161.191,54.903,53336.974,0.698,0.208,0.026,10.0,2,20210603T160000_2
2021-06-03T16:43:09.204,1.2,-161.077,54.902,46938.724,0.323,0.25,-0.013,6.0,3,20210603T160000_3
2021-06-03T16:43:20.971,1.208,-161.206,54.903,43646.464,0.673,0.222,0.023,5.0,4,20210603T160000_4
2021-06-03T18:08:44.676,0.911,-162.217,55.345,37960.571,0.27,0.052,-0.002,5.848,5,20210603T160000_5
2021-06-03T18:13:35.760,0.306,-162.053,55.256,4709.903,0.185,0.339,0.009,6.0,6,20210603T160000_6
2021-06-03T18:46:07.628,1.065,-162.112,55.1,0.0,0.882,0.607,-0.356,4.0,7,20210603T160000_7
2021-06-03T20:34:55.499,1.132,-162.593,54.903,34448.321,0.901,0.103,0.011,8.021,8,20210603T160000_8
2021-06-03T20:36:21.455,1.137,-162.255,54.904,61000.0,0.774,0.076,-0.0,4.935,9,20210603T160000_9
2021-06-03T21:00:32.732,1.405,-161.153,54.903,47744.006,0.384,0.152,0.018,8.92,10,20210603T160000_10
2021-06-03T21:01:04.314,-0.591,-161.742,55.372,0.0,0.243,0.606,-0.086,4.0,11,20210603T160000_11
2021-06-03T23:26:17.712,0.402,-162.19,54.905,0.0,0.363,0.343,0.003,5.0,12,20210603T160000_12
2021-06-03T23:26:28.928,0.415,-162.261,54.904,0.0,0.727,0.421,0.058,5.0,13,20210603T160000_13
2021-06-04T03:26:24.925,-0.121,-161.717,55.199,7010.684,0.0,0.105,-0.0,4.0,1,20210604T000000_1
2021-06-04T03:40:23.358,1.27,-161.578,55.468,41846.482,0.528,0.476,0.046,7.658,2,20210604T000000_2
2021-06-04T03:54:33.717,1.356,-161.481,55.797,664.297,0.043,0.299,0.001,4.724,3,20210604T000000_3
2021-06-04T06:39:05.187,1.321,-162.284,54.987,61000.0,0.264,0.006,-0.0,4.0,4,20210604T000000_4
2021-06-04T07:07:31.038,0.578,-161.674,55.285,43030.104,0.577,0.245,0.018,4.0,5,20210604T000000_5
2021-06-04T08:03:50.492,0.801,-161.865,55.467,30191.438,0.002,0.349,-0.0,4.0,1,20210604T080000_1
2021-06-04T08:22:27.804,1.101,-161.713,55.177,61000.0,0.503,0.559,-0.05,5.0,2,20210604T080000_2
2021-06-04T09:09:38.217,0.958,-161.454,55.272,39620.513,0.163,0.285,0.004,5.0,3,20210604T080000_3
2021-06-04T10:10:23.468,2.29,-161.159,54.903,57010.126,0.309,0.135,0.021,11.0,4,20210604T080000_4
2021-06-04T10:10:32.789,2.716,-161.272,54.903,58397.506,0.453,0.199,0.007,11.0,5,20210604T080000_5
2021-06-04T10:13:50.099,-0.461,-161.767,55.34,11541.971,0.0,0.141,-0.0,4.0,6,20210604T080000_6
2021-06-04T11:45:40.645,1.505,-162.773,54.902,61000.0,0.445,0.278,0.02,6.643,7,20210604T080000_7
2021-06-04T11:46:48.471,0.369,-162.29,55.001,0.0,0.604,0.747,0.074,4.064,8,20210604T080000_8
2021-06-04T12:20:26.744,1.307,-162.773,54.902,48696.63,0.178,0.079,0.008,4.0,9,20210604T080000_9
2021-06-04T13:04:10.561,1.478,-162.773,54.902,61000.0,0.293,0.193,0.112,5.001,10,20210604T080000_10
2021-06-04T13:04:25.768,1.17,-162.467,54.916,27332.967,0.102,0.3,-0.005,4.999,11,20210604T080000_11
2021-06-04T13:57:07.953,1.684,-162.38,55.15,61000.0,0.49,0.368,0.005,10.0,12,20210604T080000_12
2021-06-04T14:45:06.548,1.199,-162.754,54.902,0.0,0.289,0.39,-0.011,4.778,13,20210604T080000_13
2021-06-04T14:45:11.131,0.013,-161.755,55.166,0.0,0.36,0.617,0.075,6.287,14,20210604T080000_14
2021-06-04T14:45:27.352,-0.199,-161.766,55.283,4320.157,0.216,0.369,-0.029,5.097,15,20210604T080000_15
2021-06-04T15:36:49.018,-0.742,-161.891,55.374,0.0,0.418,0.138,0.017,5.0,16,20210604T080000_16
2021-06-04T15:38:23.147,1.425,-161.484,54.904,61000.0,0.896,0.078,-0.031,6.0,17,20210604T080000_17
2021-06-04T15:40:21.711,1.369,-161.007,54.963,46064.97,0.273,0.311,0.02,8.465,18,20210604T080000_18
2021-06-04T15:40:30.888,1.656,-162.132,55.666,61000.0,0.597,0.171,-0.031,5.175,19,20210604T080000_19
2021-06-04T16:28:33.910,1.091,-161.32,54.904,30534.823,0.191,0.308,-0.039,6.0,1,20210604T160000_1
2021-06-04T16:34:59.019,2.183,-161.004,55.067,61000.0,0.324,0.214,0.024,10.92,2,20210604T160000_2
2021-06-04T16:35:08.290,2.701,-161.003,55.117,61000.0,0.498,0.257,-0.046,10.0,3,20210604T160000_3
2021-06-04T16:57:47.136,-0.011,-162.131,55.286,0.0,0.265,0.337,-0.006,4.0,4,20210604T160000_4
2021-06-04T17:11:10.115,1.302,-161.003,55.14,44843.861,0.374,0.257,0.002,8.0,5,20210604T160000_5
2021-06-04T17:11:29.700,1.045,-161.11,55.465,1222.312,0.386,0.342,-0.054,6.0,6,20210604T160000_6
2021-06-04T17:48:46.557,1.927,-162.711,54.939,61000.0,0.356,0.337,-0.043,11.0,8,20210604T160000_8
2021-06-04T17:48:51.295,2.254,-162.773,54.902,52458.505,0.829,0.453,-0.278,10.82,7,20210604T160000_7
2021-06-04T18:25:29.185,1.474,-162.773,54.902,61000.0,1.277,0.116,0.026,9.0,9,20210604T160000_9
2021-06-04T19:07:58.016,0.922,-162.713,54.902,22042.514,0.491,0.179,0.021,7.0,10,20210604T160000_10
2021-06-04T20:24:42.725,1.042,-161.954,54.905,24408.828,0.435,0.23,-0.014,4.0,11,20210604T160000_11
2021-06-04T22:11:25.720,0.995,-161.158,54.903,34080.05,0.332,0.299,0.001,5.0,12,20210604T160000_12
2021-06-04T22:11:34.446,1.079,-161.319,54.904,55350.6,0.51,0.278,-0.036,4.0,13,20210604T160000_13
2021-06-04T22:43:09.350,1.434,-162.359,54.904,61000.0,0.506,0.202,0.012,8.0,14,20210604T160000_14
2021-06-04T23:05:07.788,1.864,-162.773,54.902,44517.884,0.602,0.212,0.04,11.895,15,20210604T160000_15
2021-06-05T02:13:21.164,0.826,-161.505,55.425,35489.21,0.574,0.173,0.002,5.0,1,20210605T000000_1
2021-06-05T03:37:30.348,1.154,-162.268,54.993,61000.0,0.258,0.124,-0.003,4.0,2,20210605T000000_2
2021-06-05T06:23:39.038,1.229,-162.773,54.902,61000.0,0.932,0.137,0.087,6.0,3,20210605T000000_3
2021-06-05T11:15:54.107,1.366,-161.215,54.903,61000.0,0.354,0.228,0.004,7.0,1,20210605T080000_1
2021-06-05T11:16:02.829,1.936,-161.251,54.903,61000.0,0.791,0.239,-0.013,10.0,2,20210605T080000_2
2021-06-05T12:43:34.265,1.871,-161.003,55.121,26374.33,0.725,0.436,0.14,7.762,3,20210605T080000_3
2021-06-05T12:43:57.491,2.471,-161.003,55.124,2187.203,0.587,0.313,-0.109,8.573,4,20210605T080000_4
2021-06-05T13:58:05.905,1.992,-160.993,55.571,61000.0,0.521,0.29,0.004,10.559,5,20210605T080000_5
2021-06-05T13:58:06.195,1.841,-161.006,54.991,61000.0,0.706,0.218,0.05,11.298,6,20210605T080000_6
2021-06-05T14:50:03.101,1.721,-162.773,54.902,61000.0,1.144,0.135,0.115,9.0,7,20210605T080000_7
2021-06-05T15:09:29.510,0.404,-162.465,55.206,0.0,0.297,0.093,-0.014,4.0,8,20210605T080000_8
2021-06-05T15:12:22.114,0.731,-161.799,55.551,0.0,0.473,0.619,0.145,4.713,9,20210605T080000_9
2021-06-05T16:05:25.012,1.48,-161.201,54.903,43951.687,0.405,0.162,0.001,7.0,1,20210605T160000_1
2021-06-05T16:05:34.412,1.345,-161.254,54.903,49550.264,0.631,0.244,0.025,6.0,2,20210605T160000_2
2021-06-05T17:38:04.980,1.137,-161.001,55.205,2753.546,0.214,0.379,0.038,4.0,3,20210605T160000_3
2021-06-05T17:38:29.106,0.242,-162.079,55.196,0.0,0.39,0.183,-0.048,3.815,4,20210605T160000_4
2021-06-05T21:42:26.987,1.334,-161.235,54.903,55664.691,0.462,0.327,-0.026,4.846,5,20210605T160000_5
2021-06-05T21:51:00.622,1.232,-161.082,54.902,0.0,0.068,0.35,-0.014,4.0,6,20210605T160000_6
2021-06-05T21:51:26.351,0.916,-161.559,55.241,0.0,0.506,0.286,0.071,3.627,7,20210605T160000_7
2021-06-05T22:11:21.318,2.109,-161.061,55.395,61000.0,0.214,0.197,0.02,9.895,8,20210605T160000_8
2021-06-05T22:12:08.079,1.605,-161.742,55.447,0.0,0.705,0.382,0.088,5.513,9,20210605T160000_9
2021-06-05T23:59:49.161,1.42,-162.012,55.288,61000.0,0.13,0.328,0.013,4.0,1,20210606T000000_1
2021-06-06T00:41:15.859,1.282,-161.477,54.904,21684.615,0.474,0.313,-0.009,6.66,2,20210606T000000_2
2021-06-06T00:41:28.517,1.375,-161.504,54.904,32453.957,0.479,0.222,0.021,5.904,3,20210606T000000_3
2021-06-06T00:58:23.234,1.843,-161.013,54.902,40630.326,0.269,0.216,-0.0,9.0,4,20210606T000000_4
2021-06-06T00:58:30.254,1.92,-161.033,54.902,57120.377,0.611,0.284,-0.017,7.0,5,20210606T000000_5
2021-06-06T02:31:12.877,0.991,-161.795,55.124,383.132,0.139,0.423,0.036,4.0,6,20210606T000000_6
2021-06-06T02:33:31.833,1.91,-162.773,54.902,40768.408,1.029,0.338,0.075,14.0,7,20210606T000000_7
2021-06-06T04:47:58.839,1.312,-161.292,54.903,36018.252,0.247,0.255,0.01,5.0,8,20210606T000000_8
2021-06-06T04:48:12.785,1.586,-161.398,54.904,31347.132,0.563,0.259,0.079,7.0,9,20210606T000000_9
2021-06-06T06:20:00.202,-0.028,-161.648,55.331,0.0,0.383,0.419,0.042,4.0,10,20210606T000000_10
2021-06-06T06:20:15.775,0.621,-162.005,55.202,16940.776,0.556,0.197,-0.078,6.0,11,20210606T000000_11
2021-06-06T07:58:30.424,0.856,-161.391,55.199,674.551,0.162,0.334,0.025,5.832,12,20210606T000000_12
2021-06-06T07:58:53.421,-0.286,-161.785,55.38,3209.491,0.221,0.596,-0.06,6.833,13,20210606T000000_13
2021-06-06T08:04:22.340,1.116,-161.465,55.337,25370.542,0.268,0.213,0.004,7.729,1,20210606T080000_1
2021-06-06T09:26:54.828,1.63,-161.002,55.181,61000.0,0.964,0.335,0.107,15.0,2,20210606T080000_2
2021-06-06T12:18:13.551,1.886,-161.402,54.904,53139.888,0.561,0.2,0.021,10.832,3,20210606T080000_3
2021-06-06T12:18:38.820,1.19,-161.871,55.026,0.0,0.52,0.357,0.056,7.0,4,20210606T080000_4
2021-06-06T13:56:10.797,2.774,-162.773,54.902,56040.422,0.986,0.294,-0.083,14.101,5,20210606T080000_5
2021-06-06T13:56:26.698,2.545,-162.19,54.905,18108.162,0.377,0.287,-0.021,5.77,6,20210606T080000_6
2021-06-06T14:11:33.924,1.889,-162.773,54.902,61000.0,1.026,0.307,0.046,16.576,7,20210606T080000_7
2021-06-06T14:12:17.161,1.47,-161.993,54.905,23446.299,0.38,0.277,0.004,4.902,8,20210606T080000_8
2021-06-06T15:46:44.013,0.722,-161.658,55.166,2531.78,0.191,0.429,0.051,4.0,9,20210606T080000_9
2021-06-06T17:01:12.878,1.116,-161.448,54.904,34483.794,0.3,0.349,-0.027,7.0,1,20210606T160000_1
2021-06-06T17:01:35.929,0.713,-161.616,55.085,0.0,0.362,0.346,0.021,4.762,2,20210606T160000_2
2021-06-06T17:17:13.497,2.118,-161.468,54.904,43996.603,0.378,0.152,0.011,10.986,3,20210606T160000_3
2021-06-06T17:17:35.540,2.014,-162.373,55.413,24390.385,0.831,0.153,0.02,5.741,4,20210606T160000_4
2021-06-06T18:01:35.100,0.793,-161.846,55.619,30303.625,0.132,0.411,-0.037,5.0,5,20210606T160000_5
2021-06-06T18:21:33.726,1.777,-161.399,54.904,32183.704,0.282,0.13,0.008,9.0,6,20210606T160000_6
2021-06-06T18:21:48.640,1.932,-161.559,55.465,17713.89,0.698,0.149,0.004,5.001,7,20210606T160000_7
2021-06-06T18:21:51.770,1.87,-161.206,55.142,17010.74,0.345,0.235,0.005,6.955,8,20210606T160000_8
2021-06-06T19:48:39.157,1.395,-161.493,54.904,32600.308,0.183,0.155,0.013,6.0,9,20210606T160000_9
2021-06-06T19:49:01.367,0.869,-161.877,55.311,0.0,0.564,0.616,0.072,5.449,10,20210606T160000_10
2021-06-06T19:49:47.453,1.304,-161.62,54.926,0.0,0.418,0.124,-0.015,3.864,11,20210606T160000_11
2021-06-06T20:41:08.652,1.997,-162.773,54.902,61000.0,0.874,0.319,0.045,9.283,13,20210606T160000_13
2021-06-06T20:41:16.137,-0.138,-161.893,55.371,0.0,0.143,0.7,0.03,3.873,12,20210606T160000_12
2021-06-06T21:34:42.399,2.695,-161.298,54.903,61000.0,0.471,0.166,0.009,11.771,14,20210606T160000_14
2021-06-06T21:35:25.297,2.831,-161.79,55.084,38093.122,0.918,0.343,-0.005,13.0,15,20210606T160000_15
2021-06-06T22:16:46.802,1.471,-161.389,54.904,35565.003,0.262,0.257,-0.013,8.0,16,20210606T160000_16
2021-06-06T22:17:10.477,1.273,-161.625,55.082,0.0,0.36,0.257,0.017,4.419,17,20210606T160000_17
2021-06-07T00:09:19.441,0.718,-161.583,55.216,35969.565,0.464,0.161,0.013,4.0,1,20210607T000000_1
2021-06-07T00:29:07.357,1.628,-161.163,54.903,45686.245,0.257,0.24,0.009,8.0,2,20210607T000000_2
2021-06-07T00:29:20.992,1.485,-161.375,54.904,37580.779,0.736,0.242,0.018,6.0,3,20210607T000000_3
2021-06-07T02:16:53.757,1.026,-161.442,55.216,849.477,0.491,0.296,-0.044,6.0,4,20210607T000000_4
2021-06-07T03:31:46.692,1.301,-161.468,54.904,35011.092,0.298,0.37,-0.04,7.0,5,20210607T000000_5
2021-06-07T03:32:08.980,1.174,-161.733,55.144,26787.655,0.027,0.21,0.001,3.574,6,20210607T000000_6
2021-06-07T05:37:35.974,0.842,-161.274,55.326,25624.345,0.314,0.354,0.006,5.0,7,20210607T000000_7
2021-06-07T06:10:51.884,0.988,-162.069,55.116,0.0,1.1,0.295,-0.075,7.0,8,20210607T000000_8
2021-06-07T08:26:16.372,1.126,-162.132,55.066,0.0,0.848,0.383,-0.301,8.0,1,20210607T080000_1
2021-06-07T12:12:57.599,2.158,-161.008,54.902,32430.658,0.74,0.297,-0.049,11.083,2,20210607T080000_2
2021-06-07T12:13:02.732,1.833,-162.665,54.902,26049.975,0.1,0.438,-0.029,4.691,3,20210607T080000_3
2021-06-07T12:13:05.594,2.169,-161.008,54.91,11828.938,0.226,0.284,-0.025,6.226,4,20210607T080000_4
2021-06-07T12:28:22.192,1.749,-162.651,55.81,60830.12,0.388,0.12,0.023,5.0,5,20210607T080000_5
2021-06-07T12:44:57.048,1.585,-161.008,54.902,61000.0,0.939,0.345,-0.029,9.144,7,20210607T080000_7
2021-06-07T12:45:03.603,1.177,-161.799,55.795,33966.383,0.35,0.509,-0.046,4.856,6,20210607T080000_6
2021-06-07T13:53:39.723,1.325,-161.166,54.903,0.0,0.336,0.385,-0.058,6.0,8,20210607T080000_8
2021-06-07T13:53:49.308,1.5,-161.269,54.903,39833.296,0.677,0.228,0.046,6.0,9,20210607T080000_9
2021-06-07T16:04:51.282,1.417,-161.0,55.283,49357.734,0.132,0.436,0.019,4.0,1,20210607T160000_1
2021-06-07T18:12:21.432,0.218,-162.209,55.261,0.0,0.441,0.224,0.067,5.0,2,20210607T160000_2
2021-06-07T19:09:55.628,1.024,-161.342,55.33,36961.61,0.0,0.286,0.0,4.0,3,20210607T160000_3
2021-06-07T21:21:05.474,0.788,-161.952,55.061,0.0,0.335,0.365,-0.07,5.0,4,20210607T160000_4
2021-06-08T00:35:10.654,2.853,-162.733,54.902,61000.0,0.878,0.285,-0.12,20.0,1,20210608T000000_1
2021-06-08T05:25:46.325,1.163,-162.139,55.041,36941.679,0.0,0.164,-0.0,4.0,2,20210608T000000_2
2021-06-08T11:07:29.871,1.798,-162.565,55.04,61000.0,0.319,0.331,0.062,3.826,1,20210608T080000_1
2021-06-08T11:07:50.029,1.087,-161.953,55.141,38155.974,0.0,0.175,0.0,4.0,2,20210608T080000_2
2021-06-08T11:10:49.616,0.245,-161.573,55.236,11429.873,0.0,0.214,0.0,3.966,3,20210608T080000_3
2021-06-08T16:16:31.175,1.403,-162.516,54.903,61000.0,0.529,0.298,0.044,5.458,1,20210608T160000_1
2021-06-08T17:56:08.382,1.773,-161.262,54.903,61000.0,0.355,0.255,-0.035,7.87,2,20210608T160000_2
2021-06-08T17:56:25.249,1.64,-161.002,55.169,27074.693,0.08,0.329,0.008,5.0,3,20210608T160000_3
2021-06-08T18:49:25.627,1.828,-162.773,54.903,61000.0,0.875,0.329,0.162,7.9,4,20210608T160000_4
2021-06-08T18:49:26.677,1.908,-161.713,54.905,61000.0,0.533,0.131,-0.046,4.1,5,20210608T160000_5
2021-06-08T19:34:50.717,1.277,-162.773,54.902,41882.857,0.706,0.16,0.048,5.0,6,20210608T160000_6
2021-06-08T19:57:23.768,1.396,-161.31,54.904,30143.089,0.346,0.244,-0.005,4.0,7,20210608T160000_7
2021-06-08T20:01:53.861,0.894,-161.79,55.372,53181.845,0.626,0.052,-0.006,4.0,8,20210608T160000_8
2021-06-08T21:15:57.823,0.927,-161.758,55.316,40339.641,0.451,0.303,-0.018,6.0,9,20210608T160000_9
2021-06-08T22:45:37.534,1.818,-162.152,54.905,61000.0,0.931,0.26,-0.1,10.0,10,20210608T160000_10
2021-06-08T23:27:54.604,0.349,-161.652,55.407,19214.389,0.218,0.138,0.003,6.0,11,20210608T160000_11
2021-06-09T01:21:19.792,1.605,-160.998,55.36,54761.446,0.596,0.373,0.017,9.484,1,20210609T000000_1
2021-06-09T02:17:48.532,0.926,-162.486,55.225,0.468,0.196,0.151,-0.005,3.864,2,20210609T000000_2
2021-06-09T04:36:34.891,1.604,-161.095,55.603,0.0,0.173,0.32,0.022,3.97,4,20210609T000000_4
2021-06-09T04:36:36.991,1.292,-161.557,55.224,22827.847,0.399,0.375,-0.036,5.03,3,20210609T000000_3
2021-06-09T06:15:58.558,1.641,-162.773,54.902,61000.0,0.725,0.14,0.026,4.0,5,20210609T000000_5
2021-06-09T07:41:32.453,1.47,-162.041,55.257,43194.091,0.456,0.325,0.0,9.404,6,20210609T000000_6
2021-06-09T09:16:39.179,1.235,-161.177,54.903,39055.251,0.194,0.202,-0.004,4.0,1,20210609T080000_1
2021-06-09T09:56:10.250,1.675,-162.781,55.292,61000.0,0.889,0.373,0.007,12.007,2,20210609T080000_2
2021-06-09T11:46:40.469,1.085,-161.559,55.196,21280.779,0.776,0.357,-0.233,7.0,3,20210609T080000_3
2021-06-09T12:40:29.634,1.356,-161.541,55.474,55188.424,0.337,0.378,-0.012,6.0,4,20210609T080000_4
2021-06-09T12:41:54.360,0.682,-161.249,55.41,1142.143,0.455,0.161,0.042,5.0,5,20210609T080000_5
2021-06-09T14:33:35.378,1.802,-161.003,55.141,33847.63,0.341,0.205,0.018,8.0,6,20210609T080000_6
2021-06-09T14:33:54.951,1.57,-161.499,55.206,23633.225,1.009,0.323,-0.152,10.0,7,20210609T080000_7
2021-06-09T15:42:07.032,1.028,-161.671,55.282,48456.917,0.334,0.11,0.006,4.0,8,20210609T080000_8
2021-06-09T20:22:40.179,1.183,-162.224,55.194,37563.276,0.282,0.249,0.0,6.0,1,20210609T160000_1
2021-06-09T20:59:38.323,1.199,-162.236,54.904,0.0,0.319,0.159,-0.006,3.528,2,20210609T160000_2
2021-06-09T23:57:32.863,1.382,-160.986,55.862,8464.227,0.317,0.36,0.011,5.0,3,20210609T160000_3
2021-06-09T23:57:35.712,1.688,-160.987,55.848,60335.928,0.52,0.405,0.074,5.0,4,20210609T160000_4
2021-06-10T03:12:23.889,1.363,-161.117,54.902,54150.208,0.242,0.186,0.003,4.0,1,20210610T000000_1
2021-06-10T03:13:16.503,1.692,-161.206,54.903,42953.748,0.076,0.182,0.0,4.0,2,20210610T000000_2
2021-06-10T10:19:52.301,0.999,-161.769,55.518,30032.992,0.349,0.408,0.007,7.848,1,20210610T080000_1
2021-06-10T15:02:46.716,1.253,-161.823,54.905,23069.953,0.619,0.309,-0.026,6.0,2,20210610T080000_2
2021-06-10T17:27:57.065,2.341,-162.72,54.902,61000.0,0.731,0.445,-0.122,22.0,1,20210610T160000_1
2021-06-10T20:23:10.187,1.856,-161.118,54.902,61000.0,0.7,0.175,0.012,8.591,2,20210610T160000_2
2021-06-10T20:23:13.365,1.601,-162.567,54.919,61000.0,0.651,0.281,0.066,8.463,3,20210610T160000_3
2021-06-10T20:58:13.293,1.401,-161.021,54.902,40958.735,0.261,0.257,-0.007,7.0,4,20210610T160000_4
2021-06-10T20:58:21.210,1.589,-161.129,54.903,52097.868,0.309,0.288,-0.042,7.0,5,20210610T160000_5
2021-06-10T22:22:20.889,1.446,-162.093,54.905,61000.0,0.814,0.026,0.007,4.0,6,20210610T160000_6
2021-06-10T22:23:18.957,1.259,-161.943,55.129,39114.467,0.0,0.296,-0.0,4.0,7,20210610T160000_7
2021-06-11T02:35:37.964,1.711,-162.354,55.135,61000.0,0.344,0.374,0.028,11.0,1,20210611T000000_1
2021-06-11T03:56:22.854,0.895,-161.722,55.135,48077.574,0.0,0.117,-0.0,4.0,2,20210611T000000_2
2021-06-11T04:28:47.339,0.999,-161.842,54.905,416.114,0.557,0.274,-0.075,8.0,3,20210611T000000_3
2021-06-11T05:59:20.613,1.164,-162.058,55.092,37356.046,0.202,0.255,-0.015,6.0,4,20210611T000000_4
2021-06-11T07:03:13.790,1.495,-161.825,54.905,61000.0,0.341,0.133,0.005,6.0,5,20210611T000000_5
2021-06-11T07:59:48.421,1.21,-162.34,55.267,61000.0,0.165,0.255,0.024,4.0,1,20210611T080000_1
2021-06-11T08:36:52.093,1.567,-161.581,55.571,61000.0,0.674,0.233,0.014,8.758,2,20210611T080000_2
2021-06-11T10:14:23.578,1.303,-162.684,55.332,61000.0,0.69,0.128,-0.023,4.9,3,20210611T080000_3
2021-06-11T14:44:33.546,1.389,-162.773,54.902,61000.0,0.989,0.185,0.139,7.0,4,20210611T080000_4
2021-06-11T15:11:47.902,1.115,-161.254,55.557,0.0,0.608,0.293,-0.028,6.0,5,20210611T080000_5
2021-06-11T16:34:50.265,1.571,-161.186,54.903,61000.0,0.963,0.183,0.005,7.346,1,20210611T160000_1
2021-06-11T18:17:16.468,1.272,-161.307,54.904,27518.625,0.461,0.276,-0.015,8.0,2,20210611T160000_2
2021-06-11T18:17:25.792,1.621,-161.234,54.903,38917.834,0.416,0.215,0.014,8.973,3,20210611T160000_3
2021-06-11T18:41:12.760,0.621,-161.67,55.453,38392.68,0.65,0.287,-0.041,5.739,4,20210611T160000_4
2021-06-11T19:26:31.969,0.935,-162.447,54.904,22333.96,0.094,0.333,-0.008,5.936,5,20210611T160000_5
2021-06-11T19:41:33.514,0.547,-161.855,55.052,21496.718,0.425,0.105,0.011,5.948,6,20210611T160000_6
2021-06-11T19:49:47.301,1.515,-162.788,55.611,61000.0,0.851,0.11,-0.01,5.552,7,20210611T160000_7
2021-06-11T21:52:49.527,1.475,-161.587,54.905,59103.242,0.089,0.144,-0.003,8.0,8,20210611T160000_8
2021-06-11T22:53:05.028,0.338,-161.805,55.45,8679.687,0.687,0.329,0.03,7.771,9,20210611T160000_9
2021-06-11T23:59:49.176,0.952,-162.128,55.341,61000.0,0.206,0.438,-0.052,4.0,1,20210612T000000_1
2021-06-12T00:01:43.395,0.337,-162.143,55.286,0.0,0.05,0.217,-0.006,4.0,2,20210612T000000_2
2021-06-12T03:58:29.211,1.004,-162.184,55.102,0.0,0.686,0.297,-0.109,6.0,3,20210612T000000_3
2021-06-12T05:10:55.195,0.665,-161.817,54.905,0.0,0.917,0.068,0.038,4.0,4,20210612T000000_4
2021-06-12T05:46:08.408,1.547,-161.129,54.903,46656.431,0.344,0.184,0.016,9.871,5,20210612T000000_5
2021-06-12T05:46:12.950,1.757,-160.985,55.918,61000.0,0.812,0.28,0.026,3.39,6,20210612T000000_6
2021-06-12T08:33:13.202,-0.013,-161.965,55.496,0.0,1.068,0.238,-0.145,5.0,1,20210612T080000_1
2021-06-12T09:22:07.542,1.239,-161.196,54.903,54493.273,0.402,0.398,-0.088,4.0,2,20210612T080000_2
2021-06-12T10:05:42.074,1.594,-160.985,55.918,61000.0,0.804,0.392,-0.153,6.213,3,20210612T080000_3
2021-06-12T10:06:13.922,0.558,-161.841,55.28,15288.229,0.853,0.396,-0.084,9.787,4,20210612T080000_4
2021-06-12T10:42:24.142,0.924,-162.68,55.149,32029.422,0.0,0.125,-0.0,4.0,5,20210612T080000_5
2021-06-12T11:30:08.520,1.718,-162.697,54.902,61000.0,1.005,0.311,-0.082,17.0,6,20210612T080000_6
2021-06-12T11:31:42.779,2.536,-162.587,54.903,61000.0,1.032,0.349,-0.027,23.0,7,20210612T080000_7
2021-06-12T11:46:28.530,3.601,-161.895,54.905,61000.0,0.885,0.464,-0.172,16.043,8,20210612T080000_8
2021-06-12T11:46:33.945,3.584,-161.188,54.903,36471.132,0.448,0.28,-0.023,5.957,9,20210612T080000_9
2021-06-12T11:54:34.491,1.523,-161.603,54.905,61000.0,1.106,0.143,-0.048,8.0,10,20210612T080000_10
2021-06-12T11:57:39.959,1.494,-161.687,54.905,61000.0,1.277,0.092,-0.057,8.0,11,20210612T080000_11
2021-06-12T12:04:04.789,1.252,-162.773,54.902,61000.0,1.072,0.216,-0.03,4.0,12,20210612T080000_12
2021-06-12T12:10:54.233,2.494,-162.77,54.902,61000.0,0.892,0.294,-0.103,22.0,13,20210612T080000_13
2021-06-12T16:29:44.241,0.037,-162.095,55.125,9647.824,0.004,0.155,-0.0,4.0,1,20210612T160000_1
2021-06-12T18:02:20.169,1.498,-161.329,54.904,33324.791,0.571,0.187,0.048,10.0,2,20210612T160000_2
2021-06-12T18:02:24.563,2.106,-161.209,54.903,61000.0,0.718,0.206,-0.046,10.0,3,20210612T160000_3
2021-06-12T18:33:24.338,0.39,-161.813,55.299,15698.269,0.242,0.324,-0.019,7.0,4,20210612T160000_4
2021-06-12T18:53:16.210,0.678,-161.906,55.298,41426.157,0.427,0.111,0.008,5.0,5,20210612T160000_5
2021-06-12T20:33:44.341,1.499,-162.773,54.902,61000.0,1.117,0.314,-0.069,15.0,6,20210612T160000_6
2021-06-12T20:49:08.470,1.592,-160.999,55.325,61000.0,0.306,0.237,0.043,8.0,7,20210612T160000_7
2021-06-12T21:52:10.214,1.548,-161.204,54.903,61000.0,0.37,0.136,-0.007,9.0,8,20210612T160000_8
2021-06-12T21:52:19.160,1.945,-161.303,54.903,61000.0,0.732,0.239,-0.005,10.0,9,20210612T160000_9
2021-06-12T23:26:28.281,1.815,-161.413,54.904,45003.259,0.428,0.185,0.012,10.756,10,20210612T160000_10
2021-06-12T23:26:33.315,2.464,-162.791,55.732,61000.0,0.86,0.25,0.083,5.409,11,20210612T160000_11
2021-06-12T23:54:40.986,0.53,-161.698,55.078,13700.838,0.259,0.247,0.013,6.0,12,20210612T160000_12
2021-06-12T23:54:47.944,1.213,-161.238,54.903,12316.515,0.667,0.218,-0.073,6.0,13,20210612T160000_13
2021-06-12T23:59:49.138,0.934,-162.179,55.35,61000.0,0.226,0.327,0.003,5.0,1,20210613T000000_1
2021-06-13T01:51:52.867,0.583,-161.776,55.436,34972.287,0.0,0.267,-0.0,4.0,2,20210613T000000_2
2021-06-13T02:11:22.062,0.922,-161.841,54.905,2314.074,0.486,0.246,0.026,8.536,3,20210613T000000_3
2021-06-13T02:11:36.686,1.413,-161.745,54.905,21798.433,0.528,0.224,-0.054,5.004,4,20210613T000000_4
2021-06-13T02:18:54.820,1.444,-162.538,54.903,61000.0,0.934,0.349,-0.17,14.0,5,20210613T000000_5
2021-06-13T02:48:53.948,1.427,-162.773,54.902,60368.969,0.559,0.156,0.061,6.0,6,20210613T000000_6
2021-06-13T03:03:50.071,2.267,-162.582,54.903,61000.0,1.097,0.333,0.018,21.0,7,20210613T000000_7
2021-06-13T04:01:27.935,0.559,-162.015,54.905,7381.673,0.07,0.034,-0.0,4.0,8,20210613T000000_8
2021-06-13T04:01:52.228,0.71,-162.079,54.905,0.0,0.685,0.178,-0.007,5.0,9,20210613T000000_9
2021-06-13T04:23:46.587,1.925,-161.005,55.033,58219.983,0.33,0.186,0.012,11.0,10,20210613T000000_10
2021-06-13T04:23:55.697,2.293,-161.005,55.042,61000.0,0.74,0.267,-0.044,11.0,11,20210613T000000_11
2021-06-13T04:38:45.316,2.15,-161.008,54.902,61000.0,1.089,0.329,0.295,22.0,12,20210613T000000_12
2021-06-13T05:13:51.553,0.058,-161.493,55.416,11389.269,0.222,0.235,-0.006,5.0,13,20210613T000000_13
2021-06-13T05:31:57.046,1.365,-160.985,55.918,341.544,0.478,0.563,0.057,3.981,14,20210613T000000_14
2021-06-13T05:37:40.949,1.5,-162.723,54.902,61000.0,0.987,0.341,-0.071,16.0,15,20210613T000000_15
2021-06-13T05:54:09.176,1.132,-162.773,54.902,61000.0,0.98,0.023,0.01,5.0,16,20210613T000000_16
2021-06-13T07:59:48.888,0.876,-162.323,55.382,61000.0,0.176,0.469,-0.038,4.0,1,20210613T080000_1
2021-06-13T08:59:57.540,0.69,-161.781,55.116,0.0,0.255,0.311,0.014,6.0,2,20210613T080000_2
2021-06-13T10:19:32.022,2.028,-162.631,54.903,61000.0,1.113,0.399,-0.036,23.0,3,20210613T080000_3
2021-06-13T10:27:11.396,1.436,-161.002,55.192,61000.0,0.902,0.247,-0.007,17.0,4,20210613T080000_4
2021-06-13T11:05:02.747,1.222,-162.071,55.099,31234.598,0.869,0.337,-0.161,6.0,5,20210613T080000_5
2021-06-13T11:42:25.883,1.077,-161.625,54.905,61000.0,0.907,0.056,-0.006,4.0,6,20210613T080000_6
2021-06-13T12:12:45.244,0.649,-161.968,54.905,31681.889,0.26,0.069,-0.003,6.0,7,20210613T080000_7
2021-06-13T14:20:27.408,0.922,-161.095,55.193,0.0,0.096,0.201,-0.007,3.742,8,20210613T080000_8
2021-06-13T14:47:51.032,0.05,-161.868,55.428,0.0,0.651,0.344,-0.03,8.763,9,20210613T080000_9
2021-06-13T15:30:13.484,2.026,-162.553,54.903,61000.0,0.879,0.512,-0.449,21.0,10,20210613T080000_10
2021-06-13T15:59:48.694,0.818,-162.316,55.437,61000.0,0.382,0.327,-0.055,5.0,1,20210613T160000_1
2021-06-13T17:49:14.564,1.141,-162.784,55.428,40616.275,0.172,0.089,0.007,3.966,2,20210613T160000_2
2021-06-13T18:40:02.342,0.875,-162.086,54.905,0.0,0.773,0.422,-0.058,6.816,3,20210613T160000_3
2021-06-13T18:58:33.965,1.528,-162.497,55.544,61000.0,0.939,0.178,-0.064,7.0,4,20210613T160000_4
2021-06-13T19:13:58.857,1.094,-161.779,54.905,61000.0,1.192,0.079,-0.046,6.0,5,20210613T160000_5
2021-06-13T19:27:06.848,1.337,-162.459,55.45,61000.0,1.015,0.075,-0.045,7.0,6,20210613T160000_6
2021-06-13T19:37:21.851,1.294,-161.142,55.047,61000.0,0.19,0.106,0.009,8.963,7,20210613T160000_7
2021-06-13T19:43:33.647,0.745,-161.503,54.904,29659.53,0.03,0.157,-0.001,4.0,8,20210613T160000_8
2021-06-13T19:43:45.889,1.25,-161.543,54.945,40079.433,0.853,0.239,-0.107,8.0,9,20210613T160000_9
2021-06-13T20:25:44.320,1.519,-161.008,54.902,61000.0,0.424,0.227,0.016,10.98,10,20210613T160000_10
2021-06-13T20:25:47.775,1.774,-161.069,54.902,61000.0,0.666,0.215,-0.025,10.02,11,20210613T160000_11
2021-06-13T20:40:10.443,0.82,-162.501,55.33,1644.965,0.567,0.165,0.032,4.636,12,20210613T160000_12
2021-06-13T22:24:49.134,1.645,-162.729,54.902,61000.0,0.364,0.165,-0.012,5.17,13,20210613T160000_13
2021-06-13T22:24:53.677,1.507,-161.215,54.903,0.0,1.014,0.365,0.033,7.871,14,20210613T160000_14
2021-06-13T22:25:18.387,0.237,-161.792,55.307,3783.987,0.177,0.529,-0.02,4.96,15,20210613T160000_15
2021-06-13T23:39:28.132,1.178,-162.428,54.904,0.0,0.673,0.602,0.054,7.0,16,20210613T160000_16
2021-06-13T23:39:46.150,1.284,-162.346,54.904,8975.11,0.563,0.555,-0.023,4.996,17,20210613T160000_17
2021-06-14T00:12:28.855,0.288,-162.03,55.157,0.0,0.858,0.323,-0.152,4.0,1,20210614T000000_1
2021-06-14T00:26:11.761,1.539,-161.49,54.904,25006.286,0.395,0.208,0.002,11.0,2,20210614T000000_2
2021-06-14T00:26:18.488,2.139,-161.396,54.904,44189.021,0.582,0.248,-0.007,11.0,3,20210614T000000_3
2021-06-14T00:54:54.171,1.814,-161.008,54.902,50945.762,0.301,0.216,0.018,11.0,4,20210614T000000_4
2021-06-14T00:55:04.898,2.302,-161.006,54.976,48495.746,0.531,0.26,0.006,9.842,5,20210614T000000_5
2021-06-14T01:55:06.134,1.818,-161.183,54.903,61000.0,0.615,0.279,-0.085,8.541,6,20210614T000000_6
2021-06-14T02:05:22.453,1.447,-162.773,54.902,61000.0,0.887,0.241,-0.043,14.0,7,20210614T000000_7
2021-06-14T04:38:28.030,0.847,-161.65,55.266,54652.339,0.131,0.079,-0.001,4.0,8,20210614T000000_8
2021-06-14T06:18:26.669,1.414,-161.008,54.912,44005.254,0.246,0.388,-0.008,4.0,9,20210614T000000_9
2021-06-14T06:18:52.229,0.887,-162.46,55.181,0.0,0.304,0.27,-0.014,4.388,10,20210614T000000_10
2021-06-14T06:43:05.314,1.62,-162.723,54.902,61000.0,1.03,0.337,-0.137,15.0,11,20210614T000000_11
2021-06-14T10:42:20.253,3.066,-161.651,54.905,45227.114,0.422,0.091,-0.003,12.0,1,20210614T080000_1
2021-06-14T10:42:41.165,3.382,-161.716,54.905,39002.191,0.953,0.24,-0.036,12.0,2,20210614T080000_2
2021-06-14T16:50:24.490,0.468,-161.848,55.139,0.0,0.507,0.441,0.068,5.0,1,20210614T160000_1
2021-06-14T20:30:23.396,0.654,-161.452,55.263,0.0,0.081,0.343,-0.004,4.0,2,20210614T160000_2
2021-06-14T21:39:59.186,1.162,-161.75,55.356,40702.296,0.0,0.455,-0.0,4.0,3,20210614T160000_3
2021-06-14T21:43:39.016,1.65,-161.305,55.26,61000.0,0.293,0.331,-0.014,7.0,4,20210614T160000_4
2021-06-15T00:25:40.158,2.225,-161.006,55.004,45473.424,0.563,0.291,-0.013,10.374,1,20210615T000000_1
2021-06-15T00:25:45.744,2.625,-162.338,54.904,61000.0,0.817,0.272,-0.088,4.773,2,20210615T000000_2
2021-06-15T00:25:46.624,2.46,-162.19,55.71,61000.0,0.518,0.367,0.03,6.542,3,20210615T000000_3
2021-06-15T04:53:41.388,1.314,-162.773,54.902,44123.493,0.353,0.239,-0.054,4.0,4,20210615T000000_4
2021-06-15T05:07:34.881,1.75,-161.027,54.902,52017.296,0.298,0.285,0.005,7.0,5,20210615T000000_5
2021-06-15T05:07:43.750,2.019,-161.126,54.903,53365.333,0.487,0.288,0.075,8.0,6,20210615T000000_6
2021-06-15T05:53:34.409,1.612,-161.163,54.903,61000.0,0.902,0.294,0.049,6.0,7,20210615T000000_7
2021-06-15T05:53:47.013,1.569,-161.236,54.903,38938.085,0.474,0.364,0.017,7.0,8,20210615T000000_8
2021-06-15T06:51:57.417,1.848,-160.985,55.918,61000.0,0.371,0.448,0.032,5.411,9,20210615T000000_9
2021-06-15T08:17:17.245,1.752,-161.151,54.903,32063.125,0.31,0.23,0.018,7.0,1,20210615T080000_1
2021-06-15T08:17:27.396,1.617,-161.148,54.903,33596.23,0.711,0.268,0.03,6.0,2,20210615T080000_2
2021-06-15T10:40:37.438,1.676,-162.332,54.904,56879.778,0.901,0.136,0.068,8.011,3,20210615T080000_3
2021-06-15T11:57:38.579,1.881,-161.38,54.904,61000.0,0.916,0.206,0.03,11.143,4,20210615T080000_4
2021-06-15T11:58:01.651,0.443,-162.003,55.176,4633.026,0.307,0.241,0.005,6.857,5,20210615T080000_5
